scenario,assumption,value,return,volatility,sharpe,delta_return,delta_volatility,delta_sharpe
alt_outlier,outlier_rule,3sigma,0.135,0.19,0.61,0.015000000000000013,0.010000000000000009,0.04999999999999993
baseline,imputation,median,0.12,0.18,0.56,0.0,0.0,0.0
alt_impute,imputation,mean,0.11,0.185,0.49,-0.009999999999999995,0.0050000000000000044,-0.07000000000000006
