group,metric,lo,hi,count
HighVol,0.75,0.375,1.0,8
LowVol,0.5897435897435898,0.4358974358974359,0.7435897435897436,39
