accuracy,precision,recall,f1,roc_auc
0.5689655172413793,0.5918367346938775,0.8529411764705882,0.6987951807228916,0.48406862745098034
